{
	"partitions" : [
		{
			"name" : "Top",
			"pins" : [
				{
					"name" : "digits[0]",
					"strict" : false
				},
				{
					"name" : "digits[1]",
					"strict" : false
				},
				{
					"name" : "digits[2]",
					"strict" : false
				},
				{
					"name" : "digits[3]",
					"strict" : false
				},
				{
					"name" : "digits[4]",
					"strict" : false
				},
				{
					"name" : "digits[5]",
					"strict" : false
				},
				{
					"name" : "digits[6]",
					"strict" : false
				},
				{
					"name" : "digits[7]",
					"strict" : false
				},
				{
					"name" : "digits[8]",
					"strict" : false
				},
				{
					"name" : "digits[9]",
					"strict" : false
				},
				{
					"name" : "digits[10]",
					"strict" : false
				},
				{
					"name" : "digits[11]",
					"strict" : false
				},
				{
					"name" : "digits[12]",
					"strict" : false
				},
				{
					"name" : "digits[13]",
					"strict" : false
				},
				{
					"name" : "digits[14]",
					"strict" : false
				},
				{
					"name" : "digits[15]",
					"strict" : false
				},
				{
					"name" : "digits[16]",
					"strict" : false
				},
				{
					"name" : "digits[17]",
					"strict" : false
				},
				{
					"name" : "digits[18]",
					"strict" : false
				},
				{
					"name" : "digits[19]",
					"strict" : false
				},
				{
					"name" : "digits[20]",
					"strict" : false
				},
				{
					"name" : "digits[21]",
					"strict" : false
				},
				{
					"name" : "digits[22]",
					"strict" : false
				},
				{
					"name" : "digits[23]",
					"strict" : false
				},
				{
					"name" : "digits[24]",
					"strict" : false
				},
				{
					"name" : "digits[25]",
					"strict" : false
				},
				{
					"name" : "digits[26]",
					"strict" : false
				},
				{
					"name" : "digits[27]",
					"strict" : false
				},
				{
					"name" : "digits[28]",
					"strict" : false
				},
				{
					"name" : "digits[29]",
					"strict" : false
				},
				{
					"name" : "digits[30]",
					"strict" : false
				},
				{
					"name" : "digits[31]",
					"strict" : false
				},
				{
					"name" : "digits[32]",
					"strict" : false
				},
				{
					"name" : "digits[33]",
					"strict" : false
				},
				{
					"name" : "digits[34]",
					"strict" : false
				},
				{
					"name" : "digits[35]",
					"strict" : false
				},
				{
					"name" : "digits[36]",
					"strict" : false
				},
				{
					"name" : "digits[37]",
					"strict" : false
				},
				{
					"name" : "digits[38]",
					"strict" : false
				},
				{
					"name" : "digits[39]",
					"strict" : false
				},
				{
					"name" : "digits[40]",
					"strict" : false
				},
				{
					"name" : "digits[41]",
					"strict" : false
				},
				{
					"name" : "clock",
					"strict" : false
				}
			]
		}
	]
}