<?xml version="1.0" encoding="UTF-8"?>
<preferences>
 <debug showDebugMenu="0" />
 <systemtable filter="All Interfaces">
  <columns>
   <connections preferredWidth="95" />
   <irq preferredWidth="34" />
  </columns>
 </systemtable>
 <library
   expandedCategories="Library/Qsys Interconnect/Memory-Mapped Alpha,Library/Low Power,Library/Interface Protocols/Ethernet/1G Multi-rate Ethernet,Library/Processors and Peripherals/Hard Processor Systems,Library/Interface Protocols/JESD,Library/Qsys Interconnect,Library/Basic Functions/DMA/mSGDMA Sub-core,Library/DSP,Library/Basic Functions/Bridges and Adaptors/Streaming,Library/University Program/Memory,Library/Processors and Peripherals/Co-Processors/Nios II Custom Instructions,Library/Basic Functions/On Chip Memory,Library/Basic Functions/Simulation; Debug and Verification/Simulation,Library/Interface Protocols/Ethernet,Library/Processors and Peripherals/Peripherals,Library/Interface Protocols/PCI Express/QSYS Example Designs,Library/University Program/Audio &amp; Video,Library/University Program/Audio &amp; Video/Video,Library/Basic Functions/Configuration and Programming,Library/Memory Interfaces and Controllers,Library/University Program/Bridges,Library/Tri-State Components,Library/Processors and Peripherals/Hard Processor Components,Library/University Program/Communications,Library/Processors and Peripherals/Inter-Process Communication,Library/Interface Protocols/Ethernet/Reference Design Components,Library/Interface Protocols/Transceiver PLL,Library/Basic Functions,Project,Library/Interface Protocols/Transceiver PHY,Library/DSP/Error Detection and Correction,Library/Interface Protocols/Serial,Library/DSP/Filters,Library/University Program,Library/University Program/Generic IO,Library/Basic Functions/Bridges and Adaptors/Memory Mapped,Library/Qsys Interconnect/Interrupt,Library/University Program/Clock,Library/Processors and Peripherals,Library/Qsys Interconnect/Memory-Mapped,Library/Basic Functions/Clocks; PLLs and Resets/PLL,Library/Interface Protocols,Library/Basic Functions/Clocks; PLLs and Resets,Library/Basic Functions/Simulation; Debug and Verification,Library/Processors and Peripherals/Embedded Processors,Library/Basic Functions/Bridges and Adaptors,Library/Interface Protocols/Ethernet/10G to 1G Multi-rate Ethernet,Library/Basic Functions/Simulation; Debug and Verification/Verification,Library/Basic Functions/Simulation; Debug and Verification/Debug and Performance,Library/Qsys Interconnect/Tri-State Components,Library/Interface Protocols/PCI Express,Library/DSP/Primitive DSP,Library,Library/Interface Protocols/PCI Express/Example Design Components,Library/Memory Interfaces and Controllers/Memory Interfaces with AltMemPHY,Library/Memory Interfaces and Controllers/Flash,Library/Basic Functions/DMA,Library/Memory Interfaces and Controllers/Memory Interfaces with UniPHY,Library/DSP/Video and Image Processing,Library/Interface Protocols/Audio &amp; Video,Library/Processors and Peripherals/Co-Processors" />
 <window width="1382" height="736" x="-8" y="-8" />
 <generation synthesis="VHDL" />
</preferences>
